source,kernel_loc,header_loc
c2hlsc,47.0,21.0
chstone,70.5,5.9
machsuite,59.1764705882353,20.470588235294116
polybench,23.25,5.5
rosetta,16.875,14.875
