source,kernel_loc,header_loc
c2hlsc,47.0,21.0
chstone,215.16666666666666,10.333333333333334
machsuite,59.1764705882353,20.470588235294116
polybench,23.25,5.5
rosetta,16.875,14.875
