source,synth_runtime
c2hlsc,34.322799031826435
chstone,37.491608779365194
machsuite,39.909553188638874
polybench,35.407543783491874
rosetta,39.33482087450102
