source,synth_runtime
c2hlsc,37.94651596294716
chstone,48.632628267246766
machsuite,53.5904304741827
polybench,43.684741591768606
rosetta,44.42223311055568
