source,kernel_loc,header_loc,name
c2hlsc,47.0,20.75,12
chstone,70.5,5.9,20
flowgnn,35.666666666666664,13.666666666666666,3
gnnbuilder,22.666666666666668,9.333333333333334,3
machsuite,59.1764705882353,20.470588235294116,17
polybench,23.25,5.5,28
pp4fpga,35.666666666666664,17.666666666666668,3
rosetta,16.875,14.875,8
