source,kernel_loc,header_loc,name
c2hlsc,47.0,20.75,12
chstone,70.5,5.9,20
machsuite,59.1764705882353,20.470588235294116,17
polybench,23.25,5.5,28
rosetta,16.875,14.875,8
