source,synth_runtime
c2hlsc,39.69262763427105
chstone,38.685620146954896
flowgnn,47.70584062572258
gnnbuilder,37.72095259861089
machsuite,40.32661228987169
polybench,37.28851873008534
pp4fpga,39.45321549087142
rosetta,44.47349378088256
