source,synth_runtime
c2hlsc,27.344364964180084
chstone,42.86739371433699
machsuite,43.57203810199109
polybench,42.60278714503095
rosetta,32.625913854222745
